{
  "Total" : {
    "transaction" : "Total",
    "sampleCount" : 280,
    "errorCount" : 0,
    "errorPct" : 0.0,
    "meanResTime" : 10.757142857142863,
    "medianResTime" : 6.0,
    "minResTime" : 3.0,
    "maxResTime" : 666.0,
    "pct1ResTime" : 11.0,
    "pct2ResTime" : 13.949999999999989,
    "pct3ResTime" : 96.01999999999919,
    "throughput" : 163.93442622950818,
    "receivedKBytesPerSec" : 1901.3471759733607,
    "sentKBytesPerSec" : 35.57649205942623
  },
  "POST Authors" : {
    "transaction" : "POST Authors",
    "sampleCount" : 70,
    "errorCount" : 0,
    "errorPct" : 0.0,
    "meanResTime" : 5.628571428571427,
    "medianResTime" : 5.0,
    "minResTime" : 3.0,
    "maxResTime" : 12.0,
    "pct1ResTime" : 9.0,
    "pct2ResTime" : 10.0,
    "pct3ResTime" : 12.0,
    "throughput" : 68.69479882237488,
    "receivedKBytesPerSec" : 17.576208292443575,
    "sentKBytesPerSec" : 17.442038763493624
  },
  "GET Author" : {
    "transaction" : "GET Author",
    "sampleCount" : 70,
    "errorCount" : 0,
    "errorPct" : 0.0,
    "meanResTime" : 6.785714285714285,
    "medianResTime" : 6.0,
    "minResTime" : 4.0,
    "maxResTime" : 22.0,
    "pct1ResTime" : 10.0,
    "pct2ResTime" : 13.700000000000017,
    "pct3ResTime" : 22.0,
    "throughput" : 68.9655172413793,
    "receivedKBytesPerSec" : 22.24542025862069,
    "sentKBytesPerSec" : 12.26427801724138
  },
  "GET All Authors" : {
    "transaction" : "GET All Authors",
    "sampleCount" : 71,
    "errorCount" : 0,
    "errorPct" : 0.0,
    "meanResTime" : 24.66197183098591,
    "medianResTime" : 9.0,
    "minResTime" : 5.0,
    "maxResTime" : 666.0,
    "pct1ResTime" : 15.799999999999997,
    "pct2ResTime" : 25.599999999999966,
    "pct3ResTime" : 666.0,
    "throughput" : 41.56908665105386,
    "receivedKBytesPerSec" : 1869.3172981923303,
    "sentKBytesPerSec" : 7.144686768149883
  },
  "DELETE Author" : {
    "transaction" : "DELETE Author",
    "sampleCount" : 69,
    "errorCount" : 0,
    "errorPct" : 0.0,
    "meanResTime" : 5.681159420289854,
    "medianResTime" : 5.0,
    "minResTime" : 3.0,
    "maxResTime" : 12.0,
    "pct1ResTime" : 9.0,
    "pct2ResTime" : 9.0,
    "pct3ResTime" : 12.0,
    "throughput" : 69.48640483383686,
    "receivedKBytesPerSec" : 14.317999433534743,
    "sentKBytesPerSec" : 18.46912764350453
  }
}