{
  "Total" : {
    "transaction" : "Total",
    "sampleCount" : 340,
    "errorCount" : 0,
    "errorPct" : 0.0,
    "meanResTime" : 9.932352941176465,
    "medianResTime" : 6.0,
    "minResTime" : 3.0,
    "maxResTime" : 510.0,
    "pct1ResTime" : 11.0,
    "pct2ResTime" : 14.949999999999989,
    "pct3ResTime" : 37.309999999999775,
    "throughput" : 193.1818181818182,
    "receivedKBytesPerSec" : 2280.3078391335225,
    "sentKBytesPerSec" : 41.97887073863637
  },
  "POST Authors" : {
    "transaction" : "POST Authors",
    "sampleCount" : 86,
    "errorCount" : 0,
    "errorPct" : 0.0,
    "meanResTime" : 5.697674418604652,
    "medianResTime" : 5.0,
    "minResTime" : 3.0,
    "maxResTime" : 15.0,
    "pct1ResTime" : 9.0,
    "pct2ResTime" : 10.649999999999991,
    "pct3ResTime" : 15.0,
    "throughput" : 68.63527533918595,
    "receivedKBytesPerSec" : 17.560978651237033,
    "sentKBytesPerSec" : 17.426925379090186
  },
  "GET Author" : {
    "transaction" : "GET Author",
    "sampleCount" : 84,
    "errorCount" : 0,
    "errorPct" : 0.0,
    "meanResTime" : 5.654761904761904,
    "medianResTime" : 5.0,
    "minResTime" : 4.0,
    "maxResTime" : 13.0,
    "pct1ResTime" : 8.0,
    "pct2ResTime" : 9.75,
    "pct3ResTime" : 13.0,
    "throughput" : 68.85245901639345,
    "receivedKBytesPerSec" : 22.207991803278688,
    "sentKBytesPerSec" : 12.243852459016393
  },
  "GET All Authors" : {
    "transaction" : "GET All Authors",
    "sampleCount" : 86,
    "errorCount" : 0,
    "errorPct" : 0.0,
    "meanResTime" : 22.70930232558139,
    "medianResTime" : 9.0,
    "minResTime" : 6.0,
    "maxResTime" : 510.0,
    "pct1ResTime" : 21.89999999999999,
    "pct2ResTime" : 30.949999999999974,
    "pct3ResTime" : 510.0,
    "throughput" : 49.03078677309008,
    "receivedKBytesPerSec" : 2250.2483163483466,
    "sentKBytesPerSec" : 8.427166476624857
  },
  "DELETE Author" : {
    "transaction" : "DELETE Author",
    "sampleCount" : 84,
    "errorCount" : 0,
    "errorPct" : 0.0,
    "meanResTime" : 5.464285714285716,
    "medianResTime" : 5.0,
    "minResTime" : 3.0,
    "maxResTime" : 26.0,
    "pct1ResTime" : 8.0,
    "pct2ResTime" : 8.0,
    "pct3ResTime" : 26.0,
    "throughput" : 68.9655172413793,
    "receivedKBytesPerSec" : 14.210668103448276,
    "sentKBytesPerSec" : 18.33179392446634
  }
}